﻿<?xml version="1.0" encoding="utf-8"?>
<ModMetaData>
	<name>Redux - Combat AI</name>
	<author>Krkr</author>
	<supportedVersions>	
		<li>1.4</li>
	</supportedVersions>
	<packageId>Krkr.CombatAI</packageId>
	<modDependenciesByVersion>		
		<v1.4>
			<li>
				<packageId>brrainz.harmony</packageId>
				<displayName>Harmony</displayName>
				<steamWorkshopUrl>steam://url/CommunityFilePage/2009463077</steamWorkshopUrl>
				<downloadUrl>https://github.com/pardeike/HarmonyRimWorld/releases/latest</downloadUrl>
			</li>
		</v1.4>
	</modDependenciesByVersion>
	<loadAfter>
		<li>Ludeon.RimWorld</li>
		<li>Ludeon.RimWorld.Royalty</li>
		<li>brrainz.harmony</li>		
	</loadAfter>
	<incompatibleWith>
	</incompatibleWith>
	<description>     
	</description>
</ModMetaData>